mse,rmse,mae,mse_x,mse_y,mae_x,mae_y
0.11959492713423464,0.3458249949529887,0.2816023670547944,0.13945456099068984,0.09973529327777945,0.28004145158203475,0.28316328252755407
