mse,rmse,mae,mse_x,mse_y,mae_x,mae_y,n_samples
2.9854233264923096,1.7278377604660426,1.338336706161499,3.7862930297851562,2.1845531463623047,1.5304911136627197,1.1461822986602783,20
