model,wasserstein_length,wasserstein_angle,kl_divergence
CNN-GRU-MDN,0.08845377821837871,0.4037249332722485,0.14520891040396144
